timestamp,host,status
2025-01-05 11:31:59,pwnable.kr,Success
2025-01-05 11:31:59,pwnable.kr,Success
2025-01-05 11:32:00,pwnable.kr,Success
2025-01-05 11:32:00,pwnable.kr,Success
2025-01-05 11:33:17,pwnable.kr,Success
2025-01-05 11:33:17,pwnable.kr,Success
2025-01-05 11:33:18,pwnable.kr,Success
2025-01-05 11:33:18,pwnable.kr,Success
2025-01-05 11:47:17,pwnable.kr,Success
2025-01-05 11:47:17,pwnable.kr,Success
2025-01-05 11:47:18,pwnable.kr,Success
2025-01-05 11:47:18,pwnable.kr,Success
2025-01-05 11:48:35,pwnable.kr,Success
2025-01-05 11:48:35,pwnable.kr,Success
2025-01-05 11:48:36,pwnable.kr,Success
2025-01-05 11:48:36,pwnable.kr,Success
2025-01-05 11:49:43,pwnable.kr,Success
2025-01-05 11:49:43,pwnable.kr,Success
2025-01-05 11:49:44,pwnable.kr,Success
2025-01-05 11:49:44,pwnable.kr,Success
2025-01-05 11:50:52,pwnable.kr,Success
2025-01-05 11:50:52,pwnable.kr,Success
2025-01-05 11:50:52,pwnable.kr,Success
2025-01-05 11:50:52,pwnable.kr,Success
2025-01-05 11:51:59,pwnable.kr,Success
2025-01-05 11:52:00,pwnable.kr,Success
2025-01-05 11:52:00,pwnable.kr,Success
2025-01-05 11:52:00,pwnable.kr,Success
2025-01-05 11:53:07,pwnable.kr,Success
2025-01-05 11:53:08,pwnable.kr,Success
2025-01-05 11:53:08,pwnable.kr,Success
2025-01-05 11:53:08,pwnable.kr,Success
2025-01-05 11:54:15,pwnable.kr,Success
2025-01-05 11:54:16,pwnable.kr,Success
2025-01-05 11:54:16,pwnable.kr,Success
2025-01-05 11:54:16,pwnable.kr,Success
2025-01-05 11:55:24,pwnable.kr,Success
2025-01-05 11:55:24,pwnable.kr,Success
2025-01-05 11:55:24,pwnable.kr,Success
2025-01-05 11:55:24,pwnable.kr,Success
2025-01-05 11:56:32,pwnable.kr,Success
2025-01-05 11:56:32,pwnable.kr,Success
2025-01-05 11:56:33,pwnable.kr,Success
2025-01-05 11:56:33,pwnable.kr,Success
2025-01-05 11:57:40,pwnable.kr,Success
2025-01-05 11:57:40,pwnable.kr,Success
2025-01-05 11:57:40,pwnable.kr,Success
2025-01-05 11:57:41,pwnable.kr,Success
2025-01-05 12:09:15,pwnable.kr,Success
2025-01-05 12:09:15,pwnable.kr,Success
2025-01-05 12:09:16,pwnable.kr,Success
2025-01-05 12:09:16,pwnable.kr,Success
2025-01-05 12:10:33,pwnable.kr,Success
2025-01-05 12:10:33,pwnable.kr,Success
2025-01-05 12:10:25,pwnable.kr,Success
2025-01-05 12:10:25,pwnable.kr,Success
2025-01-19 18:15:57,pwnable.kr,Success
2025-01-19 18:15:58,pwnable.kr,Success
